1001;Dupeyrat;Kevin;adress-mail@gmail.com
1002;Solo;Han;adress-mail@gmail.com
1003;Skywalker;Anakin;adress-mail@gmail.com
1004;Brown;Elmet;adress-mail@gmail.com
1005;Sanchez;Rick;adress-mail@gmail.com
1006;Smiss;Morty;adress-mail@gmail.com
1007;Marchand;Juliette;adress-mail@gmail.com
1008;Besombes;Emilie;adress-mail@gmail.com
1009;Bush;George;adress-mail@gmail.com
1010;Zuckerberg;Marck;adress-mail@gmail.com
1011;Besos;Jeff;adress-mail@gmail.com
1012;Gates;Bill;adress-mail@gmail.com
1013;Cock;Tim;adress-mail@gmail.com